# Synthetic Poisson example; seed 29; not laboratory data
# unit=counts
# bin_duration_s=0.001
# expected_mean=10
# baseline_noise_std=0
value
10
6
9
13
11
14
16
10
11
7
9
12
7
6
14
11
7
3
10
9
10
4
10
21
8
6
7
11
11
12
8
9
9
10
6
10
7
7
12
11
10
7
12
8
14
10
4
12
11
10
10
12
11
8
8
10
11
7
10
7
13
12
7
7
10
12
11
16
8
11
10
10
10
14
9
11
8
10
12
12
7
7
10
10
9
9
15
9
9
9
10
8
10
11
10
5
7
8
11
15
9
13
15
14
9
19
5
8
11
12
12
6
10
11
13
8
11
9
9
6
8
10
10
9
8
15
8
11
11
10
10
12
12
14
9
11
8
12
7
7
10
12
11
9
13
14
12
16
17
14
10
11
13
8
5
7
3
9
13
11
13
7
10
11
9
6
8
8
12
6
6
9
10
10
9
11
13
6
9
10
8
9
7
10
8
9
12
7
11
6
9
8
10
6
10
13
3
10
8
11
11
11
5
12
11
11
15
8
11
8
9
11
13
11
8
13
7
8
11
8
6
14
9
13
15
11
7
13
11
5
13
11
11
11
11
7
10
8
8
12
11
13
16
6
13
8
17
11
11
15
13
9
4
7
10
8
6
10
10
21
9
10
9
8
10
8
10
8
14
13
9
10
9
9
10
12
9
11
11
8
7
7
13
13
10
10
6
8
14
12
15
7
4
11
12
6
7
9
12
11
8
8
13
7
13
11
4
14
5
8
6
8
13
8
12
7
4
16
10
11
5
7
12
15
6
11
12
10
9
8
9
13
11
17
10
7
12
8
14
11
13
9
8
6
8
11
9
17
9
8
12
14
8
11
8
7
11
11
9
11
15
10
6
6
8
8
10
19
7
9
11
15
8
4
7
13
9
14
10
14
6
9
8
7
5
10
9
6
8
8
15
8
15
8
10
9
9
9
7
13
10
12
6
13
8
10
9
8
6
11
13
14
10
15
9
12
15
5
11
2
9
11
13
11
7
13
17
13
15
11
6
13
11
13
12
13
7
13
8
8
13
14
9
14
12
14
7
8
8
17
9
8
7
9
13
8
6
8
17
8
11
12
7
17
15
20
14
8
10
12
12
7
11
16
6
9
10
11
6
15
14
10
12
10
13
6
5
6
4
10
16
15
12
11
12
14
10
8
4
17
11
8
10
2
16
6
9
15
12
7
7
9
